序号,链接,节点数
0,https://clashnode.com/wp-content/uploads/2024/05/20240516.txt,0
1,https://nodefree.org/dy/2024/05/20240516.yaml,6
2,https://oneclash.cc/wp-content/uploads/2024/05/20240514.txt,0
3,https://v2rayshare.com/wp-content/uploads/2024/05/20240516.txt,18
4,https://wefound.cc/freenode/2024/05/20240514.txt,0
5,https://fastestcloud.xyz/api/v1/client/subscribe?token=c0a4aafbde9d90c05d1aebf0b2440778,0
6,https://freefq.neocities.org/free.txt,0
7,https://freefq.neocities.org/free.xml,0
8,https://nodefree.org/dy/2024/03/20240320.txt,30
9,https://oss.v2rayse.com/proxies/data/2024-03-20/2u1ntze.txt,23
10,https://prop.cf/?name=paimon&client=base64,0
11,https://raw.githubusercontent.com/abshare/abshare.github.io/main/README.md,126
12,https://raw.githubusercontent.com/aiboboxx/v2rayfree/main/v2,43
13,https://raw.githubusercontent.com/anaer/Sub/main/clash.yaml,279
14,https://raw.githubusercontent.com/freefq/free/master/v2,15
15,https://raw.githubusercontent.com/learnhard-cn/free_proxy_ss/main/clash/clash.provider.yaml,0
16,https://raw.githubusercontent.com/lflflf999/0516/main/BX-JD,95
17,https://raw.githubusercontent.com/mianfeifq/share/main/README.md,286
18,https://raw.githubusercontent.com/mksshare/mksshare.github.io/main/README.md,140
19,https://raw.githubusercontent.com/ripaojiedian/freenode/main/clash,23
20,https://raw.githubusercontent.com/ripaojiedian/freenode/main/sub,23
21,https://sub.sharecentre.online/sub,4
22,https://v2rayshare.com/wp-content/uploads/2024/03/20240320.txt,21
23,https://www.ckcloud.xyz/api/v1/client/subscribe?token=528fedb391871a0a9b557c5369781ba9,0
24,https://xn--30rs3bu7r87f.com/api/v1/client/subscribe?token=2b981ee5d0170cb3196bcf7017148807,0
25,dynamic://kkzui,0
26,dynamic://sharkdoor,6

总计,,568
